{
  "project_info": {
    "project_number": "35150832716",
    "firebase_url": "https://myfirebaseproyect-fca5c.firebaseio.com",
    "project_id": "myfirebaseproyect-fca5c",
    "storage_bucket": "myfirebaseproyect-fca5c.appspot.com"
  },
  "client": [
    {
      "client_info": {
        "mobilesdk_app_id": "1:35150832716:android:81b9debdf6795b66",
        "android_client_info": {
          "package_name": "com.example.warmhome"
        }
      },
      "oauth_client": [
        {
          "client_id": "35150832716-ccrv7nng0av1bc80gnkub0ng622ik26q.apps.googleusercontent.com",
          "client_type": 1,
          "android_info": {
            "package_name": "com.example.marselet.aplicacion",
            "certificate_hash": "b08dc7dbddfb672075efe5fe21c25305303e273a"
          }
        },
        {
          "client_id": "35150832716-i997s4h99ce64l7flg0o80gkv40jlgcu.apps.googleusercontent.com",
          "client_type": 3
        }
      ],
      "api_key": [
        {
          "current_key": "AIzaSyCLiY6VHY6GoCQ8ljrcXN7cDR7xrSCWxPw"
        }
      ],
      "services": {
        "appinvite_service": {
          "other_platform_oauth_client": [
            {
              "client_id": "35150832716-i997s4h99ce64l7flg0o80gkv40jlgcu.apps.googleusercontent.com",
              "client_type": 3
            }
          ]
        }
      }
    },
    {
      "client_info": {
        "mobilesdk_app_id": "1:35150832716:android:5705b09c7c300c4b",
        "android_client_info": {
          "package_name": "com.example.marselet.firebasemanager"
        }
      },
      "oauth_client": [
        {
          "client_id": "35150832716-u5qo849sh1jj8c3j92ns2p5pad876kg7.apps.googleusercontent.com",
          "client_type": 1,
          "android_info": {
            "package_name": "com.example.marselet.firebasemanager",
            "certificate_hash": "b08dc7dbddfb672075efe5fe21c25305303e273a"
          }
        },
        {
          "client_id": "35150832716-i997s4h99ce64l7flg0o80gkv40jlgcu.apps.googleusercontent.com",
          "client_type": 3
        }
      ],
      "api_key": [
        {
          "current_key": "AIzaSyCLiY6VHY6GoCQ8ljrcXN7cDR7xrSCWxPw"
        }
      ],
      "services": {
        "appinvite_service": {
          "other_platform_oauth_client": [
            {
              "client_id": "35150832716-i997s4h99ce64l7flg0o80gkv40jlgcu.apps.googleusercontent.com",
              "client_type": 3
            }
          ]
        }
      }
    },
    {
      "client_info": {
        "mobilesdk_app_id": "1:35150832716:android:c98643ee70b73133",
        "android_client_info": {
          "package_name": "com.example.marselet.proyectoandroid"
        }
      },
      "oauth_client": [
        {
          "client_id": "35150832716-f8liik3qtkl9gudd85cg01q4gf7v3ehl.apps.googleusercontent.com",
          "client_type": 1,
          "android_info": {
            "package_name": "com.example.marselet.proyectoandroid",
            "certificate_hash": "b08dc7dbddfb672075efe5fe21c25305303e273a"
          }
        },
        {
          "client_id": "35150832716-i997s4h99ce64l7flg0o80gkv40jlgcu.apps.googleusercontent.com",
          "client_type": 3
        }
      ],
      "api_key": [
        {
          "current_key": "AIzaSyCLiY6VHY6GoCQ8ljrcXN7cDR7xrSCWxPw"
        }
      ],
      "services": {
        "appinvite_service": {
          "other_platform_oauth_client": [
            {
              "client_id": "35150832716-i997s4h99ce64l7flg0o80gkv40jlgcu.apps.googleusercontent.com",
              "client_type": 3
            }
          ]
        }
      }
    },
    {
      "client_info": {
        "mobilesdk_app_id": "1:35150832716:android:bf321495aafb2c50",
        "android_client_info": {
          "package_name": "com.example.marselet.sasa"
        }
      },
      "oauth_client": [
        {
          "client_id": "35150832716-o1jispgum6kacv2b7jat7147ciespfk3.apps.googleusercontent.com",
          "client_type": 1,
          "android_info": {
            "package_name": "com.example.marselet.sasa",
            "certificate_hash": "b08dc7dbddfb672075efe5fe21c25305303e273a"
          }
        },
        {
          "client_id": "35150832716-i997s4h99ce64l7flg0o80gkv40jlgcu.apps.googleusercontent.com",
          "client_type": 3
        }
      ],
      "api_key": [
        {
          "current_key": "AIzaSyCLiY6VHY6GoCQ8ljrcXN7cDR7xrSCWxPw"
        }
      ],
      "services": {
        "appinvite_service": {
          "other_platform_oauth_client": [
            {
              "client_id": "35150832716-i997s4h99ce64l7flg0o80gkv40jlgcu.apps.googleusercontent.com",
              "client_type": 3
            }
          ]
        }
      }
    }
  ],
  "configuration_version": "1"
}